insert into MEMBRE (IDMEMBRE, NOM, PRENOM, DATENAISSANCE, EMAIL, MOTDEPASSE) values (1, 'Randrianasolo', 'Erica', '1996-11-21', 'cah@gmail.com', 'cah');

insert into MEMBRE (IDMEMBRE, NOM, PRENOM, DATENAISSANCE, EMAIL, MOTDEPASSE) values (2, 'Rasoa', 'Soa', '1994-1-1', 'soa@gmail.com', 'soa');

insert into MEMBRE (IDMEMBRE, NOM, PRENOM, DATENAISSANCE, EMAIL, MOTDEPASSE) values (3, 'Ratsimatahomanana', 'Tiana', '1996-10-8', 'tian@gmail.com', 'tian');

insert into MEMBRE (IDMEMBRE, NOM, PRENOM, DATENAISSANCE, EMAIL, MOTDEPASSE) values (4, 'Rakotoarisoa', ' Diamondra', '1996-01-21', 'diams@gmail.com', 'diams');

insert into MEMBRE (IDMEMBRE, NOM, PRENOM, DATENAISSANCE, EMAIL, MOTDEPASSE) values (5, 'Rabe', ' Amboara', '1996-01-21', 'kiki@gmail.com', 'kiki');
insert into MEMBRE (IDMEMBRE, NOM, PRENOM, DATENAISSANCE, EMAIL, MOTDEPASSE) values (6, 'Randriampinona', 'Kevin', '1996-01-21', 'kevin@gmail.com', 'kevin');


insert into CATEGORIE (IDCATEGORIE, DESIGNATION) values (1, 'Association');

insert into CATEGORIE (IDCATEGORIE, DESIGNATION) values (2, 'Anniversaire');

insert into CATEGORIE (IDCATEGORIE, DESIGNATION) values (3, 'Fete');


insert into EVENEMENT (IDEVEMENT, IDCATEGORIE, IDMEMBRE, DESIGNATION, DATEDEBUT, DATEFIN, DESCRIPTION) values (1, 1, 1,'Anniversaire Camille', '2017-01-01', '2017-02-12', 'Je veux organiser une fete surprise');

insert into EVENEMENT (IDEVEMENT, IDCATEGORIE, IDMEMBRE, DESIGNATION, DATEDEBUT, DATEFIN, DESCRIPTION) values (2, 3, 2, 'Fete de Noel', '2017-11-02', '2017-12-15', 'Je veux faire un cadeau a grand-mere');

insert into EVENEMENT (IDEVEMENT, IDCATEGORIE, IDMEMBRE, DESIGNATION, DATEDEBUT, DATEFIN, DESCRIPTION) values (3, 2, 3, 'Fete de revellion', '2017-11-02', '2017-12-28', 'Nous allons faire une mega-fete a la fin de cette annee');


insert into POT (IDPOT, IDEVEMENT, MONTANTMAX) values (1, 1, 3000000);

insert into POT (IDPOT, IDEVEMENT, MONTANTMAX) values (2, 2, 200000);

insert into POT (IDPOT, IDEVEMENT, MONTANTMAX) values (3, 3, 500000);





insert into PARTICIPANT (IDPARTICIPANT, IDEVEMENT, IDMEMBRE) values (1, 1, 1);

insert into PARTICIPANT (IDPARTICIPANT, IDEVEMENT, IDMEMBRE) values (2, 1, 2);

insert into PARTICIPANT (IDPARTICIPANT, IDEVEMENT, IDMEMBRE) values (3, 1, 3);

insert into PARTICIPANT (IDPARTICIPANT, IDEVEMENT, IDMEMBRE) values (4, 1, 4);

insert into PARTICIPANT (IDPARTICIPANT, IDEVEMENT, IDMEMBRE) values (5, 2, 1);

insert into PARTICIPANT (IDPARTICIPANT, IDEVEMENT, IDMEMBRE) values (6, 2, 2);

insert into PARTICIPANT (IDPARTICIPANT, IDEVEMENT, IDMEMBRE) values (7, 2, 3);

insert into PARTICIPANT (IDPARTICIPANT, IDEVEMENT, IDMEMBRE) values (8, 2, 4);






insert into MOUVEMENT (IDPARTICIPANT, IDPOT, DATEMVT, MONTANTMVT, TYPE) values (0, 18, '1-1-1', 16, 'WGRUI117 RY7I4SIDK5D');

insert into MOUVEMENT (IDPARTICIPANT, IDPOT, DATEMVT, MONTANTMVT, TYPE) values (19, 14, '1-1-1', 15, 'AAMI0QHF63A1XLXI9FK2');

insert into MOUVEMENT (IDPARTICIPANT, IDPOT, DATEMVT, MONTANTMVT, TYPE) values (9, 9, '1-1-1', 3, 'YHOWI5N2CC2 LPUVPK5K');

insert into MOUVEMENT (IDPARTICIPANT, IDPOT, DATEMVT, MONTANTMVT, TYPE) values (18, 5, '1-1-1', 6, '65 8O Y3Y IUETF5BE1D');

insert into MOUVEMENT (IDPARTICIPANT, IDPOT, DATEMVT, MONTANTMVT, TYPE) values (10, 16, '1-1-1', 0, '8XO6JFQHJ2AWPB88QA F');

insert into MOUVEMENT (IDPARTICIPANT, IDPOT, DATEMVT, MONTANTMVT, TYPE) values (16, 2, '1-1-1', 5, '820E4MU2X1T0ELJESK71');

insert into MOUVEMENT (IDPARTICIPANT, IDPOT, DATEMVT, MONTANTMVT, TYPE) values (13, 8, '1-1-1', 10, 'P2MMD 227A PVLNALRMX');

insert into MOUVEMENT (IDPARTICIPANT, IDPOT, DATEMVT, MONTANTMVT, TYPE) values (5, 11, '1-1-1', 12, 'JO9GUJ4I8RG2YHO8 3 L');

insert into MOUVEMENT (IDPARTICIPANT, IDPOT, DATEMVT, MONTANTMVT, TYPE) values (12, 0, '1-1-1', 4, 'YPXCT DXX4AFKJ2W72UK');

insert into MOUVEMENT (IDPARTICIPANT, IDPOT, DATEMVT, MONTANTMVT, TYPE) values (14, 13, '1-1-1', 19, 'V95TQ7 JG2VDGDO257JH');

insert into MOUVEMENT (IDPARTICIPANT, IDPOT, DATEMVT, MONTANTMVT, TYPE) values (1, 4, '1-1-1', 8, 'VNAGGBBATI XWREB57XI');

insert into MOUVEMENT (IDPARTICIPANT, IDPOT, DATEMVT, MONTANTMVT, TYPE) values (15, 19, '1-1-1', 9, 'VX1RU4YW4QXUVBY6WAHE');

insert into MOUVEMENT (IDPARTICIPANT, IDPOT, DATEMVT, MONTANTMVT, TYPE) values (7, 7, '1-1-1', 2, 'M7Q7NINEYHTKI55WXTF2');

insert into MOUVEMENT (IDPARTICIPANT, IDPOT, DATEMVT, MONTANTMVT, TYPE) values (11, 1, '1-1-1', 11, '6MOR13J4P8IR9K8CLCRQ');

insert into MOUVEMENT (IDPARTICIPANT, IDPOT, DATEMVT, MONTANTMVT, TYPE) values (3, 6, '1-1-1', 13, 'UA H IA8 AA OB2UFWQC');

insert into MOUVEMENT (IDPARTICIPANT, IDPOT, DATEMVT, MONTANTMVT, TYPE) values (2, 12, '1-1-1', 1, 'MPIF3OMQ35PXSBX057OL');

insert into MOUVEMENT (IDPARTICIPANT, IDPOT, DATEMVT, MONTANTMVT, TYPE) values (8, 3, '1-1-1', 18, 'IE7WEBUMK258KMPXD4Y4');

insert into MOUVEMENT (IDPARTICIPANT, IDPOT, DATEMVT, MONTANTMVT, TYPE) values (17, 15, '1-1-1', 14, '6XR0KY1MHY5Y6QI5IEYN');

insert into MOUVEMENT (IDPARTICIPANT, IDPOT, DATEMVT, MONTANTMVT, TYPE) values (6, 10, '1-1-1', 7, 'YRE93D7 ST7H9 8ADUDA');

insert into MOUVEMENT (IDPARTICIPANT, IDPOT, DATEMVT, MONTANTMVT, TYPE) values (4, 17, '1-1-1', 17, 'ERYUOE722JOH1QIJ99GG');

