insert into MEMBRE (IDMEMBRE, NOM, PRENOM, DATENAISSANCE, EMAIL, MOTDEPASSE) values (18, 'Randrianasolo', 'KVFD9JUV7EI5F3J9VVEX95F9B0ML6ISPVLTJESXIS7BKXFGJA4', '1-1-1', 'T2KS3O7RC9PJV0STC3JQOHY9F9AFUEP7SAY X1BKF1KL7AC5RK', 'A8V5FR694H7BE9GTJXCPAGTXJ3WF9LKA12T5OSNFNI7HNJUW X');

insert into MEMBRE (IDMEMBRE, NOM, PRENOM, DATENAISSANCE, EMAIL, MOTDEPASSE) values (6, 'DD90OLFM4C20RF1LECJTJVDXI4S7FH1QGO32JKPK Q2XBWKX1V', 'I KFRX99TN9QC6FH6G91LJHPBLWKFIDFI8U2AGN5033X D418A', '1-1-1', 'QWMH4V5VASKA4 S08B6ROPF2CL9KJMJHJ3V9 J9GQTKMF8UBGS', '5 5INOFTPVNDUOV2SBLLJAPJLB8QY6OQQEBKW69FRKACK6RPOD');

insert into MEMBRE (IDMEMBRE, NOM, PRENOM, DATENAISSANCE, EMAIL, MOTDEPASSE) values (10, 'HGVSI W8Q132W414US3DTYJQ9BID9B 41TCEMAA4X8EU FWMTL', 'KA2PDQAAFFRCP8DWS8PSVVSH8Q39AJA9 WM91VKPJB UBOT50C', '1-1-1', '1EWFU6VESRWXVQP80B5OU4LQFUM96R36FGKBCPDL8TV10NHY98', '6EDBXVR YJ269P8PQYP7UN87HV3408X2CPXLEKQNLWJYR0GQAB');

insert into MEMBRE (IDMEMBRE, NOM, PRENOM, DATENAISSANCE, EMAIL, MOTDEPASSE) values (13, 'E019QNYGTSKOP UBYTIIUJKJ7ETD6YXVHQSF0K5LJC2G354FNG', ' ENHBE619CN4EK2ETXEK9 3RQ8MS69 55E4RHH9 9PAM6H9P81', '1-1-1', '5X3FBIFELP7I22XL65OJGLPOQ8G2FSHNFBFKPYHR4HE6OTPE41', 'E3GY1EFKUCCPP9WB1QJG6IT1Y5NJX8QMEOSKMVA8H7XWURLASU');

insert into MEMBRE (IDMEMBRE, NOM, PRENOM, DATENAISSANCE, EMAIL, MOTDEPASSE) values (11, '7W7VESCJ36FPS384OX4DG3XKINE0TKB0W7BHYTHGNKN6NPF0FS', 'U 08XJVCGAFI6NH9W9VEQ2XUSO BXWRE337OSRAI1O76U4C5VC', '1-1-1', 'S25JXDQ1SHKW87A0B60L5HURI MININET9VDBY1CSRACOI LGH', '87FR8HYUR0R4S1CEWH8E22SLBGQG2 CKS8IOB0HQCWPA 3158L');

insert into MEMBRE (IDMEMBRE, NOM, PRENOM, DATENAISSANCE, EMAIL, MOTDEPASSE) values (1, 'AP7B68TSBSI8OGVOMCBJAJFW7HG9TIYJ3 BOBD1XWJH E1M6WA', 'LUS CX3QRDDHADCMVH8T6L2CTN95ANH5JJHRQJIY50R4 W64NX', '1-1-1', 'URP3E0BL039N0T KIUYGO6DGFXPCOTP89M07A W9D8RI8BQ 9H', 'NQPJPYGQJ8U024VQ2JFQH02I9MVJEDQECN2AAAPV11CBH8JNEO');

insert into MEMBRE (IDMEMBRE, NOM, PRENOM, DATENAISSANCE, EMAIL, MOTDEPASSE) values (5, '9U7ILXVJQ9 0A9KGELCCFNN KC3BT DX8NPCH1V PCG7OL52QH', 'VBT JC89KL YGL68UOEWUDFM5S3BJWW939MNXJ2FRJAP DOPPD', '1-1-1', 'I L NI67SDET1NP1MEXPCSNFXUE3M1TJEOOETI7J4D5XMK1PQC', 'W 6F VH3SGH3OCH0VDU0UUMU 394CTHFWFV7KT5O34KSRIVOT2');

insert into MEMBRE (IDMEMBRE, NOM, PRENOM, DATENAISSANCE, EMAIL, MOTDEPASSE) values (14, '3SC2GQCY6361NOCY4BH4SBA2P1HNLN8WDLBUN41D2GPQSNCSNY', 'WN7QKNKT1NU0KR9T603MLLTG96P USXMX27K5IXQGDVCATMIA3', '1-1-1', 'KI0G4WAFDMET74MQOEAHJ3H6RSQBJ27PIYD4LP 30RXXW2W987', 'IOHSDC1H767HAWRU1SSO4DHBJD4A549WTKCCC5OBOMQWOYUN9I');

insert into MEMBRE (IDMEMBRE, NOM, PRENOM, DATENAISSANCE, EMAIL, MOTDEPASSE) values (2, '9LLQ020R747QHBVY05WAIB2UI 7UL5G3KDQ911NVK8LNPB7CBP', 'C1Q7L002KO5B5M9VS9FP C2HUKERB3TEA 3ST6VP HQ60RXDBW', '1-1-1', 'L3LSEK1CVQUFJ6TY045NTM0I9GR JK CGF9CYFMTM71QXJJMRE', 'F13QPS59R54TA7G60XWWDS4H538QQS8TVMTSCTL2DMEXQ8A3SV');

insert into MEMBRE (IDMEMBRE, NOM, PRENOM, DATENAISSANCE, EMAIL, MOTDEPASSE) values (9, 'C39FCVT9RY63KUBY1Q8OR8CNSISHTH8RHAHG H1LNITS LLCPP', 'CQHTRIC4T FOT 2GVU57CVR8CB1S1ENDF50ILLE66WWKKG59 Y', '1-1-1', 'EC8Y09K23CKUDMR6Q7YM4PSPMV6IMFJC85DYKM9 KBLFT2HIQO', 'IJCCJWAYPFCTELM3I 4H PHF2NDQEJE674SM5LB2E4FODBLW3W');

insert into MEMBRE (IDMEMBRE, NOM, PRENOM, DATENAISSANCE, EMAIL, MOTDEPASSE) values (8, '4OFVMP99AE5FV29B041XSIKTWAI0M2CJVVJ6G5UKDPIILX GC6', '7N1X4JGMNMX9WCWI43SAERP0NDEWFY0OGCRROR325K1WPAOG9K', '1-1-1', 'U30QBNGDSXX2FX28 K4JSVAV LL3T6ASQSQ080UMVM5KPONJIR', 'P2KO05S30OW60PROTM9RUVE1OIXW5942M7SW90WH8F5952JBFK');

insert into MEMBRE (IDMEMBRE, NOM, PRENOM, DATENAISSANCE, EMAIL, MOTDEPASSE) values (17, 'EPR1LWFSY2U81E9 1S8DTVY54AV8FOLIWLVT4N4HYYRF76SWON', 'QR7MDSE1U07W4O8CHQG33PS6YP1FAMQ5XO1CPQWQMX666LV39T', '1-1-1', '06V1PTOPWB2FWEDOJTUCHS9G06SK6S1JH0A8SMA6UNR1E35SOT', 'E4XJDEQRYV06T3CT7XY5G1NJOKQOK3I17 Y1MF24K9DG2M70JR');

insert into MEMBRE (IDMEMBRE, NOM, PRENOM, DATENAISSANCE, EMAIL, MOTDEPASSE) values (4, 'C6UFIC3NAAPVMW9N4X3Q9L382SOLKF3YGY 974HQN1DLT849Q2', 'XISJQ9HMCSWMRE19IA EPXKDGRR3K6DIVO9N XJ4G6E8J1X7PI', '1-1-1', '12WW3B2V3GYCDFDCT1KM7GDBXUXR0FUB9BVD6T3WKSS4C3PKY ', '8E31PV2E6QL8XSI4S55F4NXNROEBIAQ MF4SRL7J75XUBYAWND');

insert into MEMBRE (IDMEMBRE, NOM, PRENOM, DATENAISSANCE, EMAIL, MOTDEPASSE) values (12, 'QHXDWPOYQ5FHX8COR7W67 XVF8DF 11FR6P4PEK503R N7XR0T', '1ECDOMLB WDM8QK595IL68J69448LT1 HC724FHAPRDLF3O734', '1-1-1', '5068RO6IPYSF H9O7CWU9FWGUVFISDI7BGUH38T3F74YAA34FK', 'LO6MH357YVDCTQ2MIL34 E QM6DVN671AJIKQ9W4M X8 LW8XT');

insert into MEMBRE (IDMEMBRE, NOM, PRENOM, DATENAISSANCE, EMAIL, MOTDEPASSE) values (16, '1C456S6X ECXLO9RX4UPX3MHPUNXA71HSH 7O9EN44I214Q KR', '7WNG95O3FB7VDBGULD62GYFHEMON9WVRSSDXM8FXCY0Q 1UMQV', '1-1-1', 'AIE55KVNNOWGNF8JKC5UF3 WVID232EK2185IU0ASO1SRSKPD0', 'V5KU3YCGL8WDH96E7EEATFWF48LQW7MT7P7BJ5DYFYGDYVVNC6');

insert into MEMBRE (IDMEMBRE, NOM, PRENOM, DATENAISSANCE, EMAIL, MOTDEPASSE) values (15, 'I831 5039SPJLCXEEETCB4VKSY6J1E9ESYJS0P2QNCISPCW10D', 'DEADAUCIVYR479YJV74C0GO1I7ID6CRFAT3B2OWA151HHU9MUE', '1-1-1', 'MQSFRCNNSFMIHNJLFPAJRF7K9KB395YO49TLGHN0 8AXDVQEKD', 'BU2QW VX6W8CK222CQOERY89XOGLMPUEI78LHHY5FAF6C CQLM');

insert into MEMBRE (IDMEMBRE, NOM, PRENOM, DATENAISSANCE, EMAIL, MOTDEPASSE) values (0, 'HTBWTS8XKFK3D93MGYFKMI RCVTOSGR3BF8RD2LEUB9LWR8603', 'K7KJ2SCQ2BLRO6P7ED9VPCDWEFPQ8U587AV13Q874QXOGLM 8 ', '1-1-1', '0E4GXHHE LTUMM68KN94Q6CPUE84BQ22BQFKPJG1K30IE45MB6', 'AL3U7M29ATE1KO52B73R324MI172VKN MDOXKVRN4SS691JQPO');

insert into MEMBRE (IDMEMBRE, NOM, PRENOM, DATENAISSANCE, EMAIL, MOTDEPASSE) values (19, 'ORA7XX64DE415CD9MW5RQHEW8XPWRGA33AM3 TPVI6QF CQH8D', ' CAB9EJ4HA8AUVPVDWAM53J6OUXD23W9 0426DIL5QKC226051', '1-1-1', 'PUGV385HJ1LWAW0DGPUYYL1Y4PVHEPD7R1 QFLA9A1K7KB1NCM', 'UPV3A9S22TCPFC95IMC14W0I LLQ619RJ7TX1 44ISEJ0U754D');

insert into MEMBRE (IDMEMBRE, NOM, PRENOM, DATENAISSANCE, EMAIL, MOTDEPASSE) values (7, '7WUWFUPQ7TIDXEKLHOUP8K6IBU05JS508I L9FBEEP62O IWHJ', '0I6EM0 4UIB365OUIUS1UJPHFL511I HLPJL3EMDVASY9D6UR3', '1-1-1', 'EWLGK0SQF053CFTS5IFTFDSBU001JIPV0MWADO1PX4ILWYM0HY', 'JHBLHRWW5AOA54M8DKP5NVRIJPL1VDTM TQVF34OEJVD 44RU9');

insert into MEMBRE (IDMEMBRE, NOM, PRENOM, DATENAISSANCE, EMAIL, MOTDEPASSE) values (3, ' 765OQ8GW14FYFOP7UEC24 SC0FBL8TAW845PXGI6M05K1JKD4', '5JGTYTAD07JC9GQ1WOYKYS JBJY7UA8VF U1RW4BO XXIC9Y0I', '1-1-1', '35Y0UWPPR1TCHQ1FB XVCI37KCWHEG4U97DUKI4PRL832AFK5S', 'QN0TON68J23MJVHXYD4VTJQKNQUXUSHJQV55TUOAEM3ETLP1LA');

insert into CATEGORIE (IDCATEGORIE, DESIGNATION) values (16, '9L0TJ96P3TTII0W6WCV0Y3BOUR0CFPXKPHKJIMIPNJ5DX2UUGH623IVTQ8R4JVI2EBGITL67Y4IL4VWQE4SNBC USHB0 CDF6NFR');

insert into CATEGORIE (IDCATEGORIE, DESIGNATION) values (19, 'PQO3L2KA4POF91M6QOMBNS3X5A2D6GN20PCJBEGBLTKTMK1U0NK15 XMY1 XLBO096F01PQAVG01DIULIGJ49D2O3VFCTDGYOT48');

insert into CATEGORIE (IDCATEGORIE, DESIGNATION) values (11, 'R3BOW07IE8578B6Y4U5DV5N9E6D03DI8Q7LNBTE VMK5VF 4 T8S79RG0X84 KKAA6A7F8NE232SQ3FNA6RURJT3JB5 I76 YPJ3');

insert into CATEGORIE (IDCATEGORIE, DESIGNATION) values (5, '5PY1DM16TMUONEL7RIRL JS2H457E2 X4O6HFO97RBHRTH196KGMID3NE561GYIYKN6KYBYJUKINPYQ9K8M6F3IQC5VX4PKDE3ND');

insert into CATEGORIE (IDCATEGORIE, DESIGNATION) values (10, 'U0PK0QYFDVR772YJ8IS732RLI5W07L6B5WJIXBTF1UMWXK07K 7L4T90YLPK7QC34LUESO 92X7VCDA 6CCCIEPFWYLH92IM27I0');

insert into CATEGORIE (IDCATEGORIE, DESIGNATION) values (18, 'JE6U0UUIM351219M SBFYMK1X927LEPURX5DJP7WNDWOB0CCY18SWK17E 8ABF3APVHAJAE YXQM5PH8H8INM9STIY6R3 PH8RND');

insert into CATEGORIE (IDCATEGORIE, DESIGNATION) values (8, ' S FPFPT24VUBG3E8P3FSVXNXC09V92M00UQQNWFJU8FSTUOYGKEDJGBYCUDV 1E 8C4JD60DVK3YIKH7K7W3PMGH9H82MT8BB7N');

insert into CATEGORIE (IDCATEGORIE, DESIGNATION) values (1, '9DDDFTCOHPV1INIUG78Y0 L4YVI2OMK4OJ8IRTHTQNDUKUAYJXX14V81QH4 U205BQCUJJ7WOKJP9SSO5QA7LWWT78MHR1G37TA ');

insert into CATEGORIE (IDCATEGORIE, DESIGNATION) values (9, '4686 RSOMQPBQJU8CHH1VWV8IIA47SIT0EMM JD5RC3WEB 5IM92VCK9C0A6OKCLXIWYMAJR2XEAW10AATY1 EEUOKL Q51QM9YR');

insert into CATEGORIE (IDCATEGORIE, DESIGNATION) values (13, 'ICDF08J2NP4B45NWN0XK3OT03LS0503BY5WB8MSMODG2I6UE11M89GXL7XMHKJ1RV31YJXT5S40R80I UHVY4KCR2AKG79W VQM3');

insert into CATEGORIE (IDCATEGORIE, DESIGNATION) values (0, 'V1K 0KOL53G3M93YF5XQEFVX7QEY6ARY98LOG0 M471N6PR5KGLOFWE36G5TKW0C7X9T1ATTF7CLUO8RYACYLHDWQG896U8OFD2E');

insert into CATEGORIE (IDCATEGORIE, DESIGNATION) values (17, '4NPU37IRHSVYDRBGIE74I01HO9ASPFR6OE2RCP3QNRX7PE0UJ B BXBGHCUS1ENOCT6TMT1UJ8L8 CEIMJ U3L9WKBK1I5C8G9CM');

insert into CATEGORIE (IDCATEGORIE, DESIGNATION) values (12, 'E6R7XXY1F7UOFECH0VEDMDY6F2VYX4M0FX0SEMYYD52B70HUA8Q6YUH694ROFR34JS 913IIDV87WQG7EKNDK G7JRT26NOBQY93');

insert into CATEGORIE (IDCATEGORIE, DESIGNATION) values (15, 'P6EM3LXW5235XFYU255T2 BL579D66TKTPDDC33Q6G8HKSU9SOPRQAYGX K77R3QJK 74O5TWFKBA7W1N074MRSNPHA3BHWDNNST');

insert into CATEGORIE (IDCATEGORIE, DESIGNATION) values (7, 'L4U1WJQ24R6EAJL7XYC0EA L3PF4KW681SE3EC9F921CYQRN11H1LY4HDBADECINVLEE9GJC3ACMK2IEHLI4G33W3QJAVX OSXT7');

insert into CATEGORIE (IDCATEGORIE, DESIGNATION) values (6, '1JY151CUO3HKYV5DVF67CULSEPS3HQ4KX7P13KMAKCAPBJHODKL1D5BN2QX1XI38R7 6SL934EGHJU2S4AFFNOXCJ5EV69 T18TI');

insert into CATEGORIE (IDCATEGORIE, DESIGNATION) values (4, '7FP6UVC SLT5XAOIOW26810AGHDO 36FHSS7YEBIE12 CD9T8XU76LJ97BBXCKWJ 2SOBPJNU2JCGD167CPB1 P XBAJMGST43DS');

insert into CATEGORIE (IDCATEGORIE, DESIGNATION) values (3, 'FG69P1E242OMMAH55G1 CN47YMJGIAMLHE9JTT6QRDUINEH3J911BY1E3 PX J0WBAPV4VUPH72GOVFCUN39VFQEJFT1EBFAD D0');

insert into CATEGORIE (IDCATEGORIE, DESIGNATION) values (2, 'N5R63GTF8ECWE H05T99DX7TWM55T80YQ5P204FKXAQI4MGWJD3SBG9MPYWLF 9YQVU3B64CM9JQOV3VHV3MT0418DSLO3PM7WQR');

insert into CATEGORIE (IDCATEGORIE, DESIGNATION) values (14, 'QO4KAO2VC8E3MNL5YNY 0FAVOGTRWCFDNOH82D0213B3SJ8JEGRNS9DV53YHPR9Y695O8PH5CXNMW 5RLJGGEIBWKYE8MC1E J1H');

insert into EVENEMENT (IDEVEMENT, IDCATEGORIE, IDMEMBRE, IDPOT, DESIGNATION, DATEDEBUT, DATEFIN, DESCRIPTION) values (15, 1, 19, 18, '7CN89A0FXIEB7X9MPSLCEYTKRQ1M61VUVMROKVV1OVM0JLVBJGP6AFWRWP9QYDK6A0CJX7LQ8U110BR DS8RVWOQEN6VF5XBTTIT', '1-1-1', '1-1-1', 'MV0E43KSYB8F4BVR 1AWKU5EOGHE82OAHKG8M13DEY661SWV7UT7F9HVSC29SRQEOR4C53ICK0FLCGJT2ARF4MV9MR75877XA9P5V4NJ5I2QVW4T5VTPFMIETVJEMHBNFAWIBOXTTS8AXLM5YDUPNS5706U GCTBY9PVF6G22JCF6QQ2VWVMGD8LNH2BLE9QRV77LS29ELVVQ9QV6T35VEVI6U9ED0RQK5NYKE4C48HW2YL 3PSLEQTYVJOQFD3');

insert into EVENEMENT (IDEVEMENT, IDCATEGORIE, IDMEMBRE, IDPOT, DESIGNATION, DATEDEBUT, DATEFIN, DESCRIPTION) values (7, 3, 2, 18, 'NP5TXO3C31CGR57903B4GDNK635 CJ9S5CXCQP54C7JF00L1P7EGUPIQUFSSIKG00LR798FWKSKB2S8T40XY1GFI9VT0JEWA GS2', '1-1-1', '1-1-1', '71CF7JSQBIV094CYPQJHQW HWX8QEYDQ0R24H3FN7QAFA5S3H3ISVOIXFIU YDPS263GW7L92UIVUWDXR34JVEJWLLH5IOX0DOMA19DL0UWN9H 21L3O47 RI5N2P5ATWJ0O23LF4L 6GGARRAHBJJLJB 3TQIUANXYTOWX1LWP3WPQWIVNPKDWY6UTI9XF6P E019QILF74JMK1TT6A6 6CAE5JKXOU5NNTY87IBTX7VWRFBNYNW3JPW6NDEHY');

insert into EVENEMENT (IDEVEMENT, IDCATEGORIE, IDMEMBRE, IDPOT, DESIGNATION, DATEDEBUT, DATEFIN, DESCRIPTION) values (18, 6, 5, 14, 'UM3GMC4CH0WLKSBP5J2AFRMSCLCSYHOCEA8TLYAJI78LJBDI0UVSGVY1IMEV0SE9KOSDQ5JN1XSCN BY CB OL1D84K7CYETL7NP', '1-1-1', '1-1-1', 'C2W7UN8CD2JMEYQ4WMO5IQVUQ9N6O1WHDMHVX 2W1228XBN90F69RASPPO7X8C08B 5Q180E8NN472MHYDCYGNULLG391NWW5DJ7BAP475KTRU1XK799TGDN3 HY7V72K04W1K68YYW6ASOKBOVI6V4XFLIY EW0V7FSM XK2GRCMMP1DK392L86JR3KU8CT37P1O0RSS31PTIPUKPQD6UBX2X7BBTDDTEA7YM B4BL  8P8DYG BDAI9JL2774');

insert into EVENEMENT (IDEVEMENT, IDCATEGORIE, IDMEMBRE, IDPOT, DESIGNATION, DATEDEBUT, DATEFIN, DESCRIPTION) values (19, 5, 1, 14, 'D2SANR3PQMQH8YQ4KTHBGN9SC5GREDKR1DCRICHRPOP7GQBSOX91NVVUI UOKPAPH7W7JBAVO2M22P8TTWSM1GLWJQ6WCRC HCKJ', '1-1-1', '1-1-1', 'BD3A2DC9FKN65H33AV6WIGIL2050WEX93PRRM09P3GLIGSVNSVALNS2YHW918X1RWFQPA1YQ3LQ3FJXNCS7XEKCLE5H8Q062RRJYNWIB0LMFWI5NDQY91AA4BMF0E1H FONCM2MQ6NYW NWP0GHT2JAIGWPPFJNQGQLID8FNPMAT136A7CVPD297T40KC5U 76V3EAO8K0ECQ2E6PH600TR 860P RSRSV5KG8K D1XL0 MM0JIOEWQ39KG8FCT');

insert into EVENEMENT (IDEVEMENT, IDCATEGORIE, IDMEMBRE, IDPOT, DESIGNATION, DATEDEBUT, DATEFIN, DESCRIPTION) values (4, 12, 1, 9, '7DOQWACU4XI9V6WTG4LQ93JJL4AE2 UGP8RATB30DI4J TT8GJYHOCBHUEHXFWPEWMJQYOKV5LXCCB584JLGXAEGC89WTFGO8CXL', '1-1-1', '1-1-1', 'J3D CJ6XTNIOK4FBBFYYK7IP6AG4301O4TV1P H12MYE7J5LB0PPGD1T9FNT5E6PTE9 XDKPHCGXA2012MIY 42MRMMB5J6R940I3K4D8MV2KS1RFWPXQ099JKIHTLQ8J0BF9RWVT2MPO1GEP9AV8SIFUR39P3J25T FDDTN71UR6FL7JWV2TLU9DHUIBTLPY7JC830OSOA4GW0V3SUUTPEJ5RT72SY4AI20M QGB FTXNBMSP3KGUJINFSB8DU');

insert into EVENEMENT (IDEVEMENT, IDCATEGORIE, IDMEMBRE, IDPOT, DESIGNATION, DATEDEBUT, DATEFIN, DESCRIPTION) values (16, 5, 8, 9, '2GSIIAOLCRXYCVDCB82WXAUYRDU9V7RO287R5U2KJQMBKD42C2Y24BDWU500N0R0Y5RADGNQOF20XXGTL65 20UWWLHH OK YUNH', '1-1-1', '1-1-1', 'USVEA69C0 MBTS5C9K6BLSVQYS47V15PXM8 3HIGVC4O59543QKQBU M7T72XM13X8BXB LR5ERYVDOP 0XA7LQ03FU6J 8O MM X3L6FJM5242GAH5MQTTU1Q1US16DP1EKX2 OXLJ VEXSXQXXF9B9X9I5VNM6A9QRC2DH9Q4VF 4ACNP4RKJI7VRSWJKAGEGA79RYOKSRXJURHLPSCA40UW424DC1E06KMKFLW5RELQI3VBY5SVXDE2M1QPI');

insert into EVENEMENT (IDEVEMENT, IDCATEGORIE, IDMEMBRE, IDPOT, DESIGNATION, DATEDEBUT, DATEFIN, DESCRIPTION) values (0, 5, 9, 5, '6DXWJFIK7D03UG4FM67FT694 3O7DJMJ9XA570N8UO9O1ES18LB6PUO0G7LLSWQGWD1UUUH2YRLL9YE534X6U3I5TYMCT8H 33CM', '1-1-1', '1-1-1', 'WW1ANOXV07W 2O0UDIX71PO4AVI6C0 YKAV06J6W2EM7SFTVT0120QY6OUSEB9LTTC7AKD0LQUK 66HUTFMV8MXUKESQXSTIMH9VSE1D4DELK97EWE SK1L377WDSYSS3JL9JUTVIF66W25BR3YOIR18WEUA66MLJY6S5 S0CVBLTYCSA7PB7K2V7OTA3TB8CPFKL4A188OIKFP6GWT4HBIUSADX3DR8493EILJFXHLC2V47G0BCSS2AH HHFBS');

insert into EVENEMENT (IDEVEMENT, IDCATEGORIE, IDMEMBRE, IDPOT, DESIGNATION, DATEDEBUT, DATEFIN, DESCRIPTION) values (10, 17, 8, 5, 'R7JV9LC8ROPXXLONLYX85C1YBASOFHCEGWOA88O6XLRA9X47K0JR7F148DXU6X2DK86OVPRBB94 50ROGAA0C7MYQDNLBVE1V2Q9', '1-1-1', '1-1-1', 'HLNF06RQYB5OCXUCUMRK39XCM92I31520PE RK0XPG91IDV0CDYD5OLVKAB9OHF7AHMTXAS30MG5LAHQ8E0 4GR23U5XV PS 5VBHLJ2I4TY79AYDHQ1DPE9GED35FM701CB7FRP3J OOHW2TJJH46IN7JGRRBSSOQP2NBYMXJ534T D PEUA95F72CCPWVSGW455JPGI 19GS72I8RWL0CMIVIOS LD5CDOU KOLVWRDKA8DJNXK676J1X M4P');

insert into EVENEMENT (IDEVEMENT, IDCATEGORIE, IDMEMBRE, IDPOT, DESIGNATION, DATEDEBUT, DATEFIN, DESCRIPTION) values (5, 19, 15, 16, ' 2KUNUOHDVX65GM3NUUQ2M2TFS75ESGYVF37SYR1CFY4OMBSTFJ2P1P7Q76S6AUJLX35SQ3R5Q068IKS84IU92H56M08I1THVRDQ', '1-1-1', '1-1-1', 'KV3O1L55P6CHGC 0WR7KJH4VY U6VIEWC 9W44A4VMQ3PNK4Y6XKUFVJQQMBDMQ1L57B7W86DHILA9EE8GMAA93B63 YYWIW18CTX4I CMBC92CRHNBUQL5IVIL7G1WDEICRCVAAS8V89LU0A28VHV0C9UBR4JPC9GX30XDVPQ7O7A 38EOK6AD2T56TLMCP3T2AQV9KVUCOG9KXRI7OYSJ2RRC3 EWFBOTAU2352KKPRG0H6NGE96GNBB5TQN6');

insert into EVENEMENT (IDEVEMENT, IDCATEGORIE, IDMEMBRE, IDPOT, DESIGNATION, DATEDEBUT, DATEFIN, DESCRIPTION) values (1, 4, 13, 16, '95AMEANS37L61QK57CVG9MOYV82LPD5PT1TBLCKQEOOYB9SYF36SJERKUTAH1DV5MJIH7LYPQWRS39SSCAQL 6E  WYBWVW72QDI', '1-1-1', '1-1-1', 'I8DGN1POIY69SDMERT89K1 Q7MS3UQ1KX0IDEEPGJ481IS8HRR1LHLJP4NCTFAW4QUY43HRI5YKLW1LNL55LYMX9WDG3G1GL0PYEW6ENCXCSLISYAWTKF910YKXWB4NCVJW3ETU939YNS0L31XOXQ0K6T0RCX17FG5K8T57FE51F4RPGY1MBCUWP0BBOQOOIXC0 U9BWBOMESCJ17WSH92C5416DODBYHPGPOQR1YVY3LS7J14MBXGVPQM9YBV8');

insert into EVENEMENT (IDEVEMENT, IDCATEGORIE, IDMEMBRE, IDPOT, DESIGNATION, DATEDEBUT, DATEFIN, DESCRIPTION) values (17, 10, 1, 2, 'FNXD50T4A1T4WBPKL56LGCOEK8FFO9RJ2AMSWL65L02O72MA2KO3HKIT0TMP69GFN8Y9AUKVAINEIXJ0QPBDKGYGV0J5DFLYBBWC', '1-1-1', '1-1-1', 'S75Q2VG1V6CKQBSI30VH80WBY9MFI0MS4P 44C4O8 TU8QND4IO3BHL6XH1KKLITR R3O1F0T8IUKR26EWOMHGH6DMS5TVGH7NSQJLG2UKSRES8M32FKD820I3YA77KN5VW 9S53O4DJ 78PGGV7C0TKUVYVF VFGC9IXGGOUMG AE2PX0GPD514XDOIOND85AGUEC4P BKNXTL627YV3 03JLDPWNVRDGH73DVBYWPU4 OYN3KDSUWCK2QMPJ4');

insert into EVENEMENT (IDEVEMENT, IDCATEGORIE, IDMEMBRE, IDPOT, DESIGNATION, DATEDEBUT, DATEFIN, DESCRIPTION) values (14, 17, 11, 2, 'VG71BYJKAVSUJUFN9JU DA25BYUIVA6WBOL78UNS4E6O5C9GBRGTH33G5N5GS2J3F8RQCMQUQJX4UJ KONG8RXE 8SWQ7HKA7E2P', '1-1-1', '1-1-1', '0G4RN7CCWRQ9PSE 5J6VNE4QW3VUBBST7W32 G806HL 3HL56UJXWL9I3BK6JN JWAPMUBYA5HT2PH4POQU35KQ3KM9MU8QPWHV2MUHJ16C50NN1NM695A098KNIM9MRCD FFTT F7K78HRJC 8MHAMP8SVJ NBYK2 59M1S4BEND75F8J7TGU4137NTTVII9UB1UC5Y9FDB9OIU53UW7U3QIR8UT4WID50CONAG7NGEGDKV6OEAMS47KMEKH99');

insert into EVENEMENT (IDEVEMENT, IDCATEGORIE, IDMEMBRE, IDPOT, DESIGNATION, DATEDEBUT, DATEFIN, DESCRIPTION) values (12, 12, 10, 8, 'JTKU2SMNLUN0DAX6GAL0 4Y8VGT9T290EYQ8499H0O85M8CGHSA432IJ9YNXIJLB5NRO5JBKCILMUMNMC Y2BG62GXGLSOM4NG34', '1-1-1', '1-1-1', 'Y4HLQ2 K5M77JBH4FOFPVEWVRJ4FB1RCS M492B6THGOS0TWFBN1X021M1Q6UJQ TTG6EJC9400IJGUSL0SB2PRBXX219S10RM0X13G3MQISPDPMNYHVEG6GPDWV5E3B8RH E7KWTFV8H7795OIOF557VS75GQ1RUX8K71F 462 L9QOMXS6 B4DAW1RJYMAYYREKL9NSDAT1KFSFQEBFC9SPQOA5 BW 2QPXL382LWYCY1LWHMNEEDCSJJPIL5');

insert into EVENEMENT (IDEVEMENT, IDCATEGORIE, IDMEMBRE, IDPOT, DESIGNATION, DATEDEBUT, DATEFIN, DESCRIPTION) values (11, 8, 5, 8, 'HTJPHTJAJ341BIY MPYX6EES9YDNG11SPQ7G25REEUGU70L93RC3UEPCNA9WR3V9GHY6A0UE9KRXK73J025BIYDEY52OE9PAKTTY', '1-1-1', '1-1-1', 'K5R A7LI50TC7C2 28RU80EVX3W6K68WCMSHFRYTSP79WC9CBKGMMT1WF2NA 57Y8H6D18QXL09HV2QSCWSNYPV7U3WSJTLDEP8YFSTH1SRYIKFRB66ST 475H2OFY8UW5KNIXXNNRQRQC39C7D4GFU CEU6ATRQXN22SMGEXKH7 C90LRERI5XAJY7MD K3NVW 56NAGSOP9V7CAHK39OYHR3DHEGUKAFIA5DJHUT5T1M08NXHLG BM5TWGMQK');

insert into EVENEMENT (IDEVEMENT, IDCATEGORIE, IDMEMBRE, IDPOT, DESIGNATION, DATEDEBUT, DATEFIN, DESCRIPTION) values (8, 15, 14, 11, '10905IK KQIRSOM2X8CA6K1KXBMY208PVRFA8GTH1FU6 3EOFCIPL2TXF0LO3U240XPJSPSPH02ABDJ72ELMLPEWS4G2YNLN959C', '1-1-1', '1-1-1', 'I4TL3SBWXP24ADRJEXJYXEF8EUULDWKIXDG7LOMA3QR 1UTF5EQ7WWQM61YJ5J96FDNM6U736K4J2KQ5FGPLGC4A WQ4XEEWCGODE GE1 6RM4TUWEPVPM4PHPR 1W3SL1MCY7576OXX2QVKTMS0Y5R8 QF2V QOUGJOP7H4QIAOV2205JYBMVDWH83L029AC7DRN71PJ81TRCWSHN4ABASLML0296V01PYAX S50QVHJCF73D1SQF70O5C9ITA');

insert into EVENEMENT (IDEVEMENT, IDCATEGORIE, IDMEMBRE, IDPOT, DESIGNATION, DATEDEBUT, DATEFIN, DESCRIPTION) values (9, 16, 5, 11, 'A3AM1BYVQ4JHINB8Q4AFFI 13AGJ668LE0F4J79 7G864B83OF97J1WU46RUWPNGVBRQDHL0Y1XPWLU CAMQUJQXV7YCAJGBOG9W', '1-1-1', '1-1-1', '2HH38WS6JCWE57CYDV9HYTS7JMA58T2LIX1EW1F0P9L5GW6B6EU06LITE2HEBEI929 HR AG77TJFW7OBWP63B6GL95Y6M95C2USOI86HBHWBO9N88GFPBWYW4SMO2YNNJAQQKM6N9NHOVT86YP295EIV8X21DSD5IYLC9GXPJBDB7SU5A4D9HVTUU3WPEHIQKJJ4V68C4LODMOAY1GGH51VYSWLE68I3TQP1SSC2SJB77HT6PEE25653OYK8TV');

insert into EVENEMENT (IDEVEMENT, IDCATEGORIE, IDMEMBRE, IDPOT, DESIGNATION, DATEDEBUT, DATEFIN, DESCRIPTION) values (13, 0, 14, 0, 'P4IKC2A9GUI QX09UY038UXMTGIYVF9QB1FKV8FS5CKF 0IUL94EA202MAJCQOJ7M6Q68TT4XG60HVKBVFD6BEVTHY7RN9A0OJOX', '1-1-1', '1-1-1', 'DP5B3BLUX7VA6I6Q07HQ4CM2HYOW5FNPDT11LG0D1TG1 8YIY478K V25YOEKN6I9HMP29X 4R5XFL2E1WAQFWE0TE47WQ0P7IP77RDS2ND7448K58X4FBSAKA9 8TW6RGQCODLH5X25ILANJLU75PUUVGVKGEUDURV2YOV72RW0 4AUUAJ 3VG5LFGRG5V8UJUBKMSQW675U0DW6C2DMTQ42N5CX2A8IQ21TDY94WXVBYW3YL8D3XYC 7Q8LGH');

insert into EVENEMENT (IDEVEMENT, IDCATEGORIE, IDMEMBRE, IDPOT, DESIGNATION, DATEDEBUT, DATEFIN, DESCRIPTION) values (3, 9, 14, 0, '7MDQFJGLO9294G 0OWMTUA2R7P2O96EJSWE W1GE7HB5CD1UY4SRU8M744WHR4024JLYBD2XWF02ABMTU7969Q77945H7HGTHW3J', '1-1-1', '1-1-1', 'G23O8YF8LNHOKHVC53MEYNSGUF2PAYU0E14EX6IK2T9SNDXCFUVO7HAU6WY3GJ4M6G2L7JO3IBB5KWMPSYHR7KNTIDCQOOD6EO1C41A5A9JCSXQDMGF20UB8F4J1YO1O8KUDSIV4B7MNU5AHTWGKT5044WJ1BPRDC950FSDO11  87MAU721Q9ROAU9HTVKKYEBA5JWIF5VVJND6NMJR0RW86H9SI6NSS0KW8DXL 9AJCYDSRY0SV9Y9KSY JIJ');

insert into EVENEMENT (IDEVEMENT, IDCATEGORIE, IDMEMBRE, IDPOT, DESIGNATION, DATEDEBUT, DATEFIN, DESCRIPTION) values (6, 12, 19, 13, '805XPG71DCLF8REBGU35OUMICDNECWGFXHEGPHFRLLUE5 V8JIJRJ I8IYBOAYK2ABGU6 LRN83QRLWS9TK06RH1RF8U22SNV1WO', '1-1-1', '1-1-1', 'N5IW6VT7YPI0VBHTU8AAQK6UGQ3KS1P30TQ03D9PU7INE2G67M52 EWPLI60I7GEU4WGB11POJ5JAC36Y1IQGOQYN97177FS9YPK58DTXDVTDUGTA3PHSSTBQWQ7JB4XJQ5FIAEVCUEE7BIEK GCA38R4SRTTSYS4CQX2M5 RMY WJ6JAD 2W0 L9YOX2XBKL9AP2OKK7Y419D805IT770 CQU9GV2GRQI37FXJCTKVURLE1 6Y3HK0U9GQ JKH');

insert into EVENEMENT (IDEVEMENT, IDCATEGORIE, IDMEMBRE, IDPOT, DESIGNATION, DATEDEBUT, DATEFIN, DESCRIPTION) values (2, 4, 15, 13, 'LW1CXH RESYL T735WH3Q YCMQV7XB6VGRGLDK32KC12RODL2O0FSU V0Y JAQMKKLYCPRUIXKGCAJVBRWURWCRFHCM7I I9S 4A', '1-1-1', '1-1-1', '5GKTORURAXRMFK690RMQTM6T7RDN02UISSJJ3A YN0D7MEYCMNO B7E UAO3Q0BG2  R9XWOYQPS1PW3UXPU8FT1G2YG4NF9JE0EP75D0UN12L T 1K 081FYHCI XNN5KAPUBEGYCLYUT7QKMQCX3OGM0JKVDKC26 FQ6A75AJ CRM0EG3D 9FEYCR739OWS3TNBAIT9XVYAI9PME5VYJYERDPITHLV2B1WASRE8QO36R9QMMW1GG1I50NWXJX');

insert into POT (IDPOT, IDEVEMENT, MONTANTMAX) values (18, 15, 16);

insert into POT (IDPOT, IDEVEMENT, MONTANTMAX) values (14, 7, 2);

insert into POT (IDPOT, IDEVEMENT, MONTANTMAX) values (9, 18, 0);

insert into POT (IDPOT, IDEVEMENT, MONTANTMAX) values (5, 19, 6);

insert into POT (IDPOT, IDEVEMENT, MONTANTMAX) values (16, 4, 5);

insert into POT (IDPOT, IDEVEMENT, MONTANTMAX) values (2, 16, 14);

insert into POT (IDPOT, IDEVEMENT, MONTANTMAX) values (8, 0, 15);

insert into POT (IDPOT, IDEVEMENT, MONTANTMAX) values (11, 10, 17);

insert into POT (IDPOT, IDEVEMENT, MONTANTMAX) values (0, 5, 3);

insert into POT (IDPOT, IDEVEMENT, MONTANTMAX) values (13, 1, 8);

insert into POT (IDPOT, IDEVEMENT, MONTANTMAX) values (4, 17, 18);

insert into POT (IDPOT, IDEVEMENT, MONTANTMAX) values (19, 14, 13);

insert into POT (IDPOT, IDEVEMENT, MONTANTMAX) values (7, 12, 9);

insert into POT (IDPOT, IDEVEMENT, MONTANTMAX) values (1, 11, 12);

insert into POT (IDPOT, IDEVEMENT, MONTANTMAX) values (6, 8, 1);

insert into POT (IDPOT, IDEVEMENT, MONTANTMAX) values (12, 9, 10);

insert into POT (IDPOT, IDEVEMENT, MONTANTMAX) values (3, 13, 4);

insert into POT (IDPOT, IDEVEMENT, MONTANTMAX) values (15, 3, 7);

insert into POT (IDPOT, IDEVEMENT, MONTANTMAX) values (10, 6, 19);

insert into POT (IDPOT, IDEVEMENT, MONTANTMAX) values (17, 2, 11);

insert into PARTICIPANT (IDPARTICIPANT, IDEVEMENT, IDMEMBRE) values (0, 13, 4);

insert into PARTICIPANT (IDPARTICIPANT, IDEVEMENT, IDMEMBRE) values (19, 6, 8);

insert into PARTICIPANT (IDPARTICIPANT, IDEVEMENT, IDMEMBRE) values (9, 3, 11);

insert into PARTICIPANT (IDPARTICIPANT, IDEVEMENT, IDMEMBRE) values (18, 7, 2);

insert into PARTICIPANT (IDPARTICIPANT, IDEVEMENT, IDMEMBRE) values (10, 17, 11);

insert into PARTICIPANT (IDPARTICIPANT, IDEVEMENT, IDMEMBRE) values (16, 0, 16);

insert into PARTICIPANT (IDPARTICIPANT, IDEVEMENT, IDMEMBRE) values (13, 3, 16);

insert into PARTICIPANT (IDPARTICIPANT, IDEVEMENT, IDMEMBRE) values (5, 14, 14);

insert into PARTICIPANT (IDPARTICIPANT, IDEVEMENT, IDMEMBRE) values (12, 16, 8);

insert into PARTICIPANT (IDPARTICIPANT, IDEVEMENT, IDMEMBRE) values (14, 8, 11);

insert into PARTICIPANT (IDPARTICIPANT, IDEVEMENT, IDMEMBRE) values (1, 14, 12);

insert into PARTICIPANT (IDPARTICIPANT, IDEVEMENT, IDMEMBRE) values (15, 13, 6);

insert into PARTICIPANT (IDPARTICIPANT, IDEVEMENT, IDMEMBRE) values (7, 12, 18);

insert into PARTICIPANT (IDPARTICIPANT, IDEVEMENT, IDMEMBRE) values (11, 19, 8);

insert into PARTICIPANT (IDPARTICIPANT, IDEVEMENT, IDMEMBRE) values (3, 0, 6);

insert into PARTICIPANT (IDPARTICIPANT, IDEVEMENT, IDMEMBRE) values (2, 17, 1);

insert into PARTICIPANT (IDPARTICIPANT, IDEVEMENT, IDMEMBRE) values (8, 12, 14);

insert into PARTICIPANT (IDPARTICIPANT, IDEVEMENT, IDMEMBRE) values (17, 13, 19);

insert into PARTICIPANT (IDPARTICIPANT, IDEVEMENT, IDMEMBRE) values (6, 10, 13);

insert into PARTICIPANT (IDPARTICIPANT, IDEVEMENT, IDMEMBRE) values (4, 3, 19);

insert into MOUVEMENT (IDPARTICIPANT, IDPOT, DATEMVT, MONTANTMVT, TYPE) values (0, 18, '1-1-1', 16, 'WGRUI117 RY7I4SIDK5D');

insert into MOUVEMENT (IDPARTICIPANT, IDPOT, DATEMVT, MONTANTMVT, TYPE) values (19, 14, '1-1-1', 15, 'AAMI0QHF63A1XLXI9FK2');

insert into MOUVEMENT (IDPARTICIPANT, IDPOT, DATEMVT, MONTANTMVT, TYPE) values (9, 9, '1-1-1', 3, 'YHOWI5N2CC2 LPUVPK5K');

insert into MOUVEMENT (IDPARTICIPANT, IDPOT, DATEMVT, MONTANTMVT, TYPE) values (18, 5, '1-1-1', 6, '65 8O Y3Y IUETF5BE1D');

insert into MOUVEMENT (IDPARTICIPANT, IDPOT, DATEMVT, MONTANTMVT, TYPE) values (10, 16, '1-1-1', 0, '8XO6JFQHJ2AWPB88QA F');

insert into MOUVEMENT (IDPARTICIPANT, IDPOT, DATEMVT, MONTANTMVT, TYPE) values (16, 2, '1-1-1', 5, '820E4MU2X1T0ELJESK71');

insert into MOUVEMENT (IDPARTICIPANT, IDPOT, DATEMVT, MONTANTMVT, TYPE) values (13, 8, '1-1-1', 10, 'P2MMD 227A PVLNALRMX');

insert into MOUVEMENT (IDPARTICIPANT, IDPOT, DATEMVT, MONTANTMVT, TYPE) values (5, 11, '1-1-1', 12, 'JO9GUJ4I8RG2YHO8 3 L');

insert into MOUVEMENT (IDPARTICIPANT, IDPOT, DATEMVT, MONTANTMVT, TYPE) values (12, 0, '1-1-1', 4, 'YPXCT DXX4AFKJ2W72UK');

insert into MOUVEMENT (IDPARTICIPANT, IDPOT, DATEMVT, MONTANTMVT, TYPE) values (14, 13, '1-1-1', 19, 'V95TQ7 JG2VDGDO257JH');

insert into MOUVEMENT (IDPARTICIPANT, IDPOT, DATEMVT, MONTANTMVT, TYPE) values (1, 4, '1-1-1', 8, 'VNAGGBBATI XWREB57XI');

insert into MOUVEMENT (IDPARTICIPANT, IDPOT, DATEMVT, MONTANTMVT, TYPE) values (15, 19, '1-1-1', 9, 'VX1RU4YW4QXUVBY6WAHE');

insert into MOUVEMENT (IDPARTICIPANT, IDPOT, DATEMVT, MONTANTMVT, TYPE) values (7, 7, '1-1-1', 2, 'M7Q7NINEYHTKI55WXTF2');

insert into MOUVEMENT (IDPARTICIPANT, IDPOT, DATEMVT, MONTANTMVT, TYPE) values (11, 1, '1-1-1', 11, '6MOR13J4P8IR9K8CLCRQ');

insert into MOUVEMENT (IDPARTICIPANT, IDPOT, DATEMVT, MONTANTMVT, TYPE) values (3, 6, '1-1-1', 13, 'UA H IA8 AA OB2UFWQC');

insert into MOUVEMENT (IDPARTICIPANT, IDPOT, DATEMVT, MONTANTMVT, TYPE) values (2, 12, '1-1-1', 1, 'MPIF3OMQ35PXSBX057OL');

insert into MOUVEMENT (IDPARTICIPANT, IDPOT, DATEMVT, MONTANTMVT, TYPE) values (8, 3, '1-1-1', 18, 'IE7WEBUMK258KMPXD4Y4');

insert into MOUVEMENT (IDPARTICIPANT, IDPOT, DATEMVT, MONTANTMVT, TYPE) values (17, 15, '1-1-1', 14, '6XR0KY1MHY5Y6QI5IEYN');

insert into MOUVEMENT (IDPARTICIPANT, IDPOT, DATEMVT, MONTANTMVT, TYPE) values (6, 10, '1-1-1', 7, 'YRE93D7 ST7H9 8ADUDA');

insert into MOUVEMENT (IDPARTICIPANT, IDPOT, DATEMVT, MONTANTMVT, TYPE) values (4, 17, '1-1-1', 17, 'ERYUOE722JOH1QIJ99GG');

